"partition","parameter","n","ri_lower","ri_upper","lower_ci_lo","lower_ci_hi","upper_ci_lo","upper_ci_hi","emp_p2.5","emp_p97.5","disp_lower_pct","disp_upper_pct"
"Men >=15","HGB",5668,135.588,174.397,133.939,138.837,173.884,174.923,96,173.325,51.2,1.4
"Men >=15","RBC",5668,4.452,5.917,4.414,4.531,5.891,5.983,3.59,5.99,35.9,3
"Men >=15","HCT",5668,39.056,50.775,38.769,39.554,50.542,50.922,30.4,50.7,42.6,0.4
"Men >=15","MCV",5668,79.445,93.981,79.142,79.8,93.432,94.346,72.635,96.3,28.8,9.8
"Men >=15","MCH",5668,27.158,32.359,27.064,27.548,32.175,32.456,23.135,32.9,41.2,5.5
"Men >=15","MCHC",5668,328.585,356.341,328.578,333.594,354.504,356.47,316,356,31.5,0.9
"Men >=15","RDW_CV",5668,12.026,13.881,11.97,12.046,13.807,14.037,12.1,17.5,1.4,67
"Men >=15","PLT",5668,164.026,395.701,149.726,170.724,364.487,402.722,139,429.325,8.6,11.6
"Men >=15","MPV",5666,8.098,11.607,8.054,8.283,11.158,12.195,8.1,12.3,0,16.5
"Men >=15","PCT",5666,0.158,0.372,0.154,0.166,0.364,0.382,0.142,0.405,6.1,12.5
"Men >=15","PDW",5666,15.43,16.729,15.406,15.482,16.574,16.761,15.4,16.8,2.1,5.1
"Men >=15","WBC",5668,3.994,10.82,3.91,4.083,9.989,11.211,3.877,12.64,1.3,20.8
"Men >=15","NEU_ABS",5667,1.937,7.494,1.797,2.006,5.828,7.556,1.82,9.267,1.6,23.8
"Men >=15","LYMPH_ABS",5665,1.13,3.687,0.988,1.155,2.953,3.715,0.94,3.69,6.9,0.1
"Men >=15","MON_ABS",5665,0.235,0.832,0.227,0.239,0.703,0.838,0.23,0.9,0.7,10.1
"Men >=15","EOS_ABS",5668,0.039,0.602,0.025,0.042,0.346,0.62,0.02,0.62,3.2,3
"Men >=15","BAS_ABS",5668,0.004,0.067,0.003,0.006,0.055,0.072,0,0.08,5,16.2
"Women >=15","HGB",19421,105.858,152.367,105.096,110.755,151.696,153.266,85,152,31.1,0.5
"Women >=15","RBC",19421,3.872,5.337,3.646,3.909,5.279,5.339,3.47,5.34,21.5,0.2
"Women >=15","HCT",19421,32.141,44.94,31.346,32.601,44.642,45.056,27.6,44.8,26.4,0.8
"Women >=15","MCV",19420,78.745,94.054,78.203,78.949,93.84,94.166,64.7,94.3,47.4,0.8
"Women >=15","MCH",19421,26.197,32.03,26.159,26.624,31.984,32.117,19.8,32,52.4,0.2
"Women >=15","MCHC",19421,323.976,350.71,322.662,325.377,350.51,350.958,303,350,44.6,1.5
"Women >=15","RDW_CV",19421,11.834,14.122,11.816,11.847,14.041,14.199,11.9,19,0.9,68.7
"Women >=15","PLT",19418,172.064,422.854,165.274,175.096,403.001,426.365,160,455.575,4.1,11.1
"Women >=15","MPV",19418,8.09,11.897,8.054,8.115,11.733,12.042,8.1,12.358,0.2,10.8
"Women >=15","PCT",19418,0.18,0.412,0.176,0.185,0.392,0.417,0.166,0.426,5.4,5.4
"Women >=15","PDW",19418,15.269,16.684,15.26,15.302,16.586,16.701,15.3,16.7,2.2,1.1
"Women >=15","WBC",19421,3.634,10.348,3.576,3.829,9.908,12.985,3.695,12.895,0.7,27.7
"Women >=15","NEU_ABS",19421,1.844,8.363,1.754,1.876,7.276,8.749,1.81,9.88,0.4,18.8
"Women >=15","LYMPH_ABS",19417,1.04,3.01,0.976,1.098,2.815,3.323,0.96,3.36,3.3,14.6
"Women >=15","MON_ABS",19417,0.211,0.781,0.205,0.216,0.623,0.786,0.21,0.79,0.2,1.6
"Women >=15","EOS_ABS",19421,0.031,0.478,0.025,0.031,0.381,0.481,0.02,0.49,2.3,2.6
"Women >=15","BAS_ABS",19421,0.005,0.062,0.004,0.006,0.055,0.063,0,0.06,8.3,3.3
"Children 1-14","HGB",5423,111.118,149.388,107.957,112.048,146.948,149.736,102,149,19.4,0.8
"Children 1-14","RBC",5423,4.146,5.459,4.121,4.175,5.379,5.488,4.07,5.55,5.1,6.1
"Children 1-14","HCT",5423,32.43,43.187,32.004,32.952,42.563,43.328,30.955,43.2,12,0.1
"Children 1-14","MCV",5423,71.678,86.773,71.311,73.086,86.147,86.97,67,86.8,23.6,0.1
"Children 1-14","MCH",5423,24.408,29.866,24.178,24.838,29.776,29.935,21.6,29.9,33.8,0.4
"Children 1-14","MCHC",5423,327.453,355.305,326.926,329.237,354.509,355.701,321,355,19,0.9
"Children 1-14","RDW_CV",5423,11.938,14.041,11.903,11.966,13.914,14.232,12,16.445,1.4,54.1
"Children 1-14","PLT",5422,199.576,483.979,194.13,215.553,448.86,507.74,186.525,541.95,3.7,16.3
"Children 1-14","MPV",5421,7.548,11.016,7.498,7.6,10.549,11.112,7.6,11.4,1.4,10.1
"Children 1-14","PCT",5421,0.193,0.451,0.186,0.201,0.433,0.461,0.18,0.477,4.4,8.8
"Children 1-14","PDW",5421,15.127,16.197,15.051,15.191,16.11,16.265,15.1,16.4,2.1,15.6
"Children 1-14","WBC",5422,4.064,13.286,4.002,4.116,12.441,13.594,4.08,15.765,0.1,21.2
"Children 1-14","NEU_ABS",5422,1.439,7.323,1.392,1.471,6.514,7.523,1.44,10.259,0,33.3
"Children 1-14","LYMPH_ABS",5421,1.432,5.495,1.268,1.457,4.386,5.904,1.305,7.67,2,34.2
"Children 1-14","MON_ABS",5421,0.24,0.885,0.237,0.245,0.848,0.961,0.24,1.19,0,32.1
"Children 1-14","EOS_ABS",5422,0.037,0.711,0.024,0.038,0.428,0.719,0.01,0.74,3.7,4
"Children 1-14","BAS_ABS",5422,0.005,0.061,0.004,0.009,0.05,0.068,0,0.07,7.1,12.9
